{
  "kinetic_energy_eV": 30000.0,
  "grid_shape": [
    65,
    65,
    97
  ],
  "array_shape": [
    3,
    3
  ],
  "pitch_m": 8e-06,
  "aperture_radius_m": 2.4999999999999998e-06,
  "segment_gap_m": 1e-06,
  "basis_iterations": [
    190,
    187,
    190,
    187,
    169,
    187,
    190,
    187,
    190
  ],
  "basis_elapsed_s": [
    1.0011704999487847,
    0.8679462999571115,
    0.9443339999997988,
    1.0005590000655502,
    0.8177631000289693,
    0.852450699894689,
    1.0963616999797523,
    1.0987642999971285,
    1.0126984999515116
  ],
  "basis_max_field_V_m_per_V": [
    800392.60595698,
    801726.7639624866,
    800392.6059569798,
    801726.7639624866,
    803063.8549465922,
    801726.7639624865,
    800392.6059569798,
    801726.7639624868,
    800392.6059569799
  ],
  "diagonal_phase_gain_rad_per_V": [
    -6511.450291253646,
    -6325.003967437999,
    -6516.186038623214,
    -6325.0039674380005,
    -6132.908451670029,
    -6326.279736364977,
    -6516.186038623214,
    -6326.279736364975,
    -6521.470858151572
  ],
  "observable_singular_values_rad_per_V": [
    6942.443172174118,
    6938.844642914755,
    6508.448843749105,
    6234.030995165775,
    6217.753374588718,
    5898.294181064269,
    5896.692300294018,
    5414.760663283356
  ],
  "observable_condition_number": 1.282132970206742,
  "crosstalk": {
    "nearest_mean": 0.05635587051343396,
    "nearest_max": 0.05830789741761269,
    "nonnearest_mean": 0.003167860383022967,
    "offdiagonal_max": 0.05830789741761269
  },
  "checkerboard_target_rad": [
    2.792526803190927,
    -3.490658503988659,
    2.792526803190927,
    -3.490658503988659,
    2.792526803190927,
    -3.490658503988659,
    2.792526803190927,
    -3.490658503988659,
    2.792526803190927
  ],
  "checkerboard_voltages_V": [
    -0.00048482719055415255,
    0.0006382664637296564,
    -0.0004839610612340638,
    0.0006382664637296563,
    -0.0005717641477449714,
    0.0006380397040671517,
    -0.00048396106123406397,
    0.0006380397040671517,
    -0.0004829979767905249
  ],
  "checkerboard_voltage_peak_to_peak_V": 0.0012100306114746278,
  "checkerboard_direct_phase_rad": [
    2.7925268061601267,
    -3.490658508029926,
    2.792526802880507,
    -3.4906585080299255,
    2.7925268318106973,
    -3.49065851354988,
    2.7925268028805084,
    -3.49065851354988,
    2.792526799427772
  ],
  "checkerboard_target_relative_error": 3.4723201171314828e-09,
  "basis_superposition_relative_error": 3.472320501374536e-09,
  "direct_iterations": 169,
  "direct_elapsed_s": 0.9130913999397308,
  "direct_max_field_V_m": 681.9317718303903
}