{
  "study": "T42 electrostatic phase-stability falsification gate",
  "source": {
    "type": "synthetic",
    "mode": "fail"
  },
  "instrument_reference": null,
  "config": {
    "energy_eV": 30000.0,
    "path_length_m": 0.01,
    "recalibration_interval_s": 60.0,
    "phase_budget_rad": 0.05,
    "mass_kg": 6.6464731e-27,
    "charge_e": 1.0,
    "min_cycles": 20,
    "instrument_noise_rms_v": 7.915911979267443e-11,
    "instrument_peak_excursion_v": null,
    "confidence_sigma": 3.0
  },
  "result": {
    "decision": "falsified",
    "reasons": [
      "95th-percentile calibration-window excursion exceeds the voltage budget after a conservative instrument-noise bound"
    ],
    "duration_s": 1800.0,
    "sample_count": 3601,
    "complete_cycles": 30,
    "velocity_m_s": 1202638.7591611103,
    "flight_time_s": 8.3150488239506e-09,
    "phase_sensitivity_rad_per_v": 12632783.217134036,
    "voltage_budget_v": 3.957955989633721e-09,
    "instrument_noise_rms_v": 7.915911979267443e-11,
    "instrument_peak_excursion_v": null,
    "noise_excursion_bound_v": 4.744951075973404e-10,
    "linear_drift_v_s": 1.9788424669406906e-10,
    "differential_rms_v": 1.0285229142645721e-07,
    "p95_peak_excursion_v": 1.21471740025577e-08,
    "worst_peak_excursion_v": 1.2367438104220543e-08,
    "p95_rms_excursion_v": 7.031811818505002e-09,
    "p95_peak_phase_rad": 0.1534526158751178,
    "worst_peak_phase_rad": 0.15623516452194125,
    "allan_tau_s": [
      0.5,
      1.0,
      1.5,
      2.0,
      2.5,
      3.5,
      5.0,
      7.0,
      9.5,
      12.5,
      17.0,
      23.0,
      31.0,
      42.0,
      56.5,
      76.0,
      102.5,
      137.5,
      185.0,
      249.0,
      334.5,
      450.0
    ],
    "allan_deviation_v": [
      1.0533370810919352e-10,
      1.5082152905138348e-10,
      2.1493564947614137e-10,
      2.827935262581165e-10,
      3.517793835054217e-10,
      4.908575315311409e-10,
      7.003184456507723e-10,
      9.799776823654799e-10,
      1.3296979925041849e-09,
      1.7493862786399698e-09,
      2.3788829214612614e-09,
      3.218096373754642e-09,
      4.336919673673513e-09,
      5.875110973650156e-09,
      7.902729210069477e-09,
      1.0630535043400866e-08,
      1.4340581233946974e-08,
      1.924199510614206e-08,
      2.5888722783233094e-08,
      3.4844019468870635e-08,
      4.6807982484161054e-08,
      6.297045950525932e-08
    ]
  },
  "interpretation": {
    "falsified": "resolved drift exceeds the allocated phase budget",
    "not_falsified": "all observed windows fit inside the resolved budget; this is not proof of feasibility",
    "inconclusive": "measurement duration or resolution cannot support either decision"
  }
}