{
  "study": "T42 electrostatic phase-stability falsification gate",
  "source": {
    "type": "synthetic",
    "mode": "pass"
  },
  "instrument_reference": null,
  "config": {
    "energy_eV": 30000.0,
    "path_length_m": 0.01,
    "recalibration_interval_s": 60.0,
    "phase_budget_rad": 0.05,
    "mass_kg": 6.6464731e-27,
    "charge_e": 1.0,
    "min_cycles": 20,
    "instrument_noise_rms_v": 7.915911979267443e-11,
    "instrument_peak_excursion_v": null,
    "confidence_sigma": 3.0
  },
  "result": {
    "decision": "not_falsified",
    "reasons": [
      "every complete calibration window remains inside the voltage budget including the instrument-noise bound"
    ],
    "duration_s": 1800.0,
    "sample_count": 3601,
    "complete_cycles": 30,
    "velocity_m_s": 1202638.7591611103,
    "flight_time_s": 8.3150488239506e-09,
    "phase_sensitivity_rad_per_v": 12632783.217134036,
    "voltage_budget_v": 3.957955989633721e-09,
    "instrument_noise_rms_v": 7.915911979267443e-11,
    "instrument_peak_excursion_v": null,
    "noise_excursion_bound_v": 4.744951075973404e-10,
    "linear_drift_v_s": 1.3179633844500632e-11,
    "differential_rms_v": 6.851178631635056e-09,
    "p95_peak_excursion_v": 1.1334392107601593e-09,
    "worst_peak_excursion_v": 1.2855531912429885e-09,
    "p95_rms_excursion_v": 6.265889568495796e-10,
    "p95_peak_phase_rad": 0.014318491839332589,
    "worst_peak_phase_rad": 0.016240114779067526,
    "allan_tau_s": [
      0.5,
      1.0,
      1.5,
      2.0,
      2.5,
      3.5,
      5.0,
      7.0,
      9.5,
      12.5,
      17.0,
      23.0,
      31.0,
      42.0,
      56.5,
      76.0,
      102.5,
      137.5,
      185.0,
      249.0,
      334.5,
      450.0
    ],
    "allan_deviation_v": [
      7.884306009104695e-11,
      5.695466568249944e-11,
      4.816831664460572e-11,
      4.421238347508171e-11,
      4.278125470412013e-11,
      4.4558514038323266e-11,
      5.3582318350798145e-11,
      6.963671566393514e-11,
      9.17800233892323e-11,
      1.1938451436245893e-10,
      1.613080978766778e-10,
      2.1731295871974398e-10,
      2.919059408139755e-10,
      3.9413371053279323e-10,
      5.284165054244295e-10,
      7.091167125188651e-10,
      9.56564451712047e-10,
      1.2846443037408393e-09,
      1.7266718399441286e-09,
      2.3231630916797226e-09,
      3.1204098080713066e-09,
      4.197813620712039e-09
    ]
  },
  "interpretation": {
    "falsified": "resolved drift exceeds the allocated phase budget",
    "not_falsified": "all observed windows fit inside the resolved budget; this is not proof of feasibility",
    "inconclusive": "measurement duration or resolution cannot support either decision"
  }
}