{
  "study": "T43 thermal RC phase-noise falsification gate",
  "config": {
    "energy_eV": 30000.0,
    "path_length_m": 2.9999999999999997e-05,
    "temperature_K": 4.0,
    "resistance_ohm": 50.0,
    "capacitance_F": 1e-13,
    "path_correlation": 0.0,
    "phase_budget_rad": 0.05,
    "mass_kg": 6.6464731e-27,
    "charge_e": 1.0
  },
  "field_response": {
    "driven_segment_index": 4,
    "readout_aperture_index": 4,
    "solver_iterations": 169,
    "solver_relative_residual": 9.155129449044425e-10,
    "z_samples": 97,
    "z_min_m": -1.4999999999999999e-05,
    "z_max_m": 1.4999999999999999e-05,
    "peak_response_V_per_V": 0.8215827065526257
  },
  "field_response_samples": {
    "z_m": [
      -1.4999999999999999e-05,
      -1.4687499999999998e-05,
      -1.4374999999999999e-05,
      -1.40625e-05,
      -1.3749999999999999e-05,
      -1.3437499999999998e-05,
      -1.3124999999999999e-05,
      -1.28125e-05,
      -1.2499999999999999e-05,
      -1.2187499999999998e-05,
      -1.1874999999999999e-05,
      -1.15625e-05,
      -1.1249999999999999e-05,
      -1.0937499999999998e-05,
      -1.0624999999999999e-05,
      -1.03125e-05,
      -9.999999999999999e-06,
      -9.687499999999998e-06,
      -9.375e-06,
      -9.0625e-06,
      -8.75e-06,
      -8.437499999999998e-06,
      -8.125e-06,
      -7.8125e-06,
      -7.499999999999999e-06,
      -7.1874999999999985e-06,
      -6.874999999999999e-06,
      -6.5625e-06,
      -6.2499999999999995e-06,
      -5.937499999999999e-06,
      -5.6249999999999995e-06,
      -5.3125e-06,
      -4.9999999999999996e-06,
      -4.687499999999999e-06,
      -4.375e-06,
      -4.0625000000000005e-06,
      -3.7499999999999997e-06,
      -3.437499999999999e-06,
      -3.1249999999999997e-06,
      -2.8125000000000006e-06,
      -2.4999999999999998e-06,
      -2.187499999999999e-06,
      -1.8749999999999998e-06,
      -1.5625000000000007e-06,
      -1.2499999999999999e-06,
      -9.374999999999991e-07,
      -6.249999999999999e-07,
      -3.125000000000008e-07,
      0.0,
      3.125000000000008e-07,
      6.250000000000016e-07,
      9.374999999999991e-07,
      1.2499999999999999e-06,
      1.5625000000000007e-06,
      1.8749999999999981e-06,
      2.187499999999999e-06,
      2.4999999999999998e-06,
      2.8125000000000006e-06,
      3.1250000000000014e-06,
      3.437499999999999e-06,
      3.7499999999999997e-06,
      4.0625000000000005e-06,
      4.374999999999998e-06,
      4.687499999999999e-06,
      4.9999999999999996e-06,
      5.3125e-06,
      5.625000000000001e-06,
      5.937499999999999e-06,
      6.2499999999999995e-06,
      6.5625e-06,
      6.874999999999998e-06,
      7.1874999999999985e-06,
      7.499999999999999e-06,
      7.8125e-06,
      8.125000000000001e-06,
      8.437499999999998e-06,
      8.75e-06,
      9.0625e-06,
      9.374999999999997e-06,
      9.687499999999998e-06,
      9.999999999999999e-06,
      1.03125e-05,
      1.0625e-05,
      1.0937499999999998e-05,
      1.1249999999999999e-05,
      1.15625e-05,
      1.1874999999999997e-05,
      1.2187499999999998e-05,
      1.2499999999999999e-05,
      1.28125e-05,
      1.3125e-05,
      1.3437499999999998e-05,
      1.3749999999999999e-05,
      1.40625e-05,
      1.4374999999999997e-05,
      1.4687499999999998e-05,
      1.4999999999999999e-05
    ],
    "aperture_averaged_potential_V_per_V": [
      0.0,
      0.00014219290097625413,
      0.0002859173111886128,
      0.00043274935291790943,
      0.0005843567369538522,
      0.0007425501594056787,
      0.0009093420786262448,
      0.001087016006679898,
      0.00127821025920843,
      0.0014860210846424045,
      0.0017141318530428233,
      0.0019669766120072323,
      0.0022499493982371228,
      0.0025696744198931707,
      0.002934357263104148,
      0.003354245577728501,
      0.0038422380512065247,
      0.00441469732478087,
      0.005092548089316232,
      0.005902785335013675,
      0.006880594910145183,
      0.00807244533601112,
      0.009540858274894598,
      0.011372438330349833,
      0.013693165547125291,
      0.01670229968610236,
      0.02076018519690026,
      0.02664795337775176,
      0.03487590797214568,
      0.04629935682671555,
      0.06232252990637174,
      0.08539010076743561,
      0.11248205934410596,
      0.1425496633797213,
      0.17525997718910474,
      0.2105847340113619,
      0.2486480640795967,
      0.28965829505896445,
      0.33386641638831693,
      0.3815281962626179,
      0.4328557808479165,
      0.48794332188523204,
      0.5466419573521323,
      0.6083367459962903,
      0.6715225563435142,
      0.7329267446953894,
      0.7854813182013738,
      0.8129851765932204,
      0.8215827065526257,
      0.8129851765932206,
      0.785481318201374,
      0.7329267446953894,
      0.6715225563435143,
      0.6083367459962903,
      0.5466419573521323,
      0.48794332188523204,
      0.4328557808479165,
      0.3815281962626179,
      0.33386641638831693,
      0.28965829505896445,
      0.2486480640795967,
      0.21058473401136185,
      0.17525997718910472,
      0.1425496633797213,
      0.11248205934410596,
      0.08539010076743558,
      0.06232252990637171,
      0.04629935682671555,
      0.03487590797214566,
      0.026647953377751752,
      0.02076018519690026,
      0.016702299686102352,
      0.013693165547125288,
      0.011372438330349831,
      0.009540858274894594,
      0.00807244533601112,
      0.006880594910145181,
      0.005902785335013673,
      0.005092548089316231,
      0.0044146973247808675,
      0.003842238051206523,
      0.0033542455777284996,
      0.002934357263104148,
      0.0025696744198931707,
      0.002249949398237122,
      0.001966976612007231,
      0.0017141318530428233,
      0.001486021084642404,
      0.0012782102592084294,
      0.001087016006679898,
      0.0009093420786262442,
      0.0007425501594056785,
      0.0005843567369538521,
      0.0004327493529179093,
      0.0002859173111886128,
      0.00014219290097625405,
      0.0
    ]
  },
  "result": {
    "decision": "falsified",
    "coupling_model": "field-weighted aperture response",
    "velocity_m_s": 1202638.7591611103,
    "interaction_length_m": 2.9999999999999997e-05,
    "flight_time_s": 2.49451464718518e-11,
    "dc_phase_gain_rad_per_V": -6132.908451670029,
    "rc_time_s": 5.0000000000000005e-12,
    "transit_to_rc_ratio": 4.98902929437036,
    "thermal_phase_rms_rad": 0.1648176121314938,
    "phase_budget_rad": 0.05,
    "budget_ratio": 3.2963522426298755,
    "maximum_resistance_ohm": 2.2535360293190387,
    "required_path_correlation": 0.9079692898940224,
    "maximum_temperature_K": 0.36812284042391036,
    "quantum_crossover_temperature_K": 1.923918578221902,
    "classical_temperature_ratio": 2.0790900640383785
  },
  "scope_limits": [
    "Classical equilibrium Johnson noise is assumed; quantum circuit noise is required near or below h/(k*tau).",
    "R is the effective dissipative Thevenin resistance seen by one electrode at the stated temperature.",
    "Two equal path channels are represented by one frequency-independent correlation coefficient.",
    "The default coupling is the aperture-averaged center-segment response solved from the T31 electrostatic geometry.",
    "Two equal, independently noisy path electrodes are assumed unless path_correlation is changed.",
    "Noise from multiple simultaneously coupled segments and frequency-dependent wiring is not yet included.",
    "A real measured voltage-noise cross-spectrum should replace the RC model before hardware qualification."
  ],
  "interpretation": "This verdict applies to the selected circuit hypothesis, not to every possible charged-particle architecture."
}