{
  "study": "T48 T40 electrical device gate under T47 dephasing",
  "sources": {
    "quantum_pair_variance": "results/t46_quantum_thermal_noise.json",
    "electrode_basis": "results/t31_segmented_basis.npz"
  },
  "optimizer_iterations": 800,
  "optimizer_seed": 40,
  "ensemble_samples": 256,
  "result": {
    "decision": "not_falsified",
    "noise_scale_one_worst_pair_rms_rad": 0.17621358841110288,
    "coherent_dose_window": [
      1.45,
      2.75
    ],
    "coherent_selected_dose": 1.45,
    "scale_results": [
      {
        "noise_scale": 0.0,
        "worst_pair_rms_rad": 0.0,
        "dose_window": [
          1.45,
          2.75
        ],
        "selected": {
          "functional": true,
          "metal_short": false,
          "contact_coverage": [
            0.8420634920634921,
            0.8428571428571429,
            0.8796296296296297
          ],
          "minimum_contact_coverage": 0.8420634920634921,
          "contact_resistance_ohm": [
            9799.890157181017,
            9790.732342894973,
            9125.831993265634
          ],
          "total_device_resistance_ohm": 19834.47964293313,
          "device_current_a": 5.041725409500684e-05,
          "monitor_leakage_a": 5.502461120731003e-10,
          "outside_conducting_fraction": 0.03146334223805283,
          "dose_multiplier": 1.45
        },
        "fixed_nominal_dose": {
          "functional": true,
          "metal_short": false,
          "contact_coverage": [
            0.8420634920634921,
            0.8428571428571429,
            0.8796296296296297
          ],
          "minimum_contact_coverage": 0.8420634920634921,
          "contact_resistance_ohm": [
            9799.890157181017,
            9790.732342894973,
            9125.831993265634
          ],
          "total_device_resistance_ohm": 19834.47964293313,
          "device_current_a": 5.041725409500684e-05,
          "monitor_leakage_a": 5.502461120731003e-10,
          "outside_conducting_fraction": 0.03146334223805283
        },
        "ensemble_half_to_full_relative_change": [
          0.0,
          0.0,
          0.0
        ]
      },
      {
        "noise_scale": 1.0,
        "worst_pair_rms_rad": 0.17621358841110288,
        "dose_window": [
          1.45,
          2.7
        ],
        "selected": {
          "functional": true,
          "metal_short": false,
          "contact_coverage": [
            0.8436507936507937,
            0.8436507936507937,
            0.8796296296296297
          ],
          "minimum_contact_coverage": 0.8436507936507937,
          "contact_resistance_ohm": [
            9781.591725842878,
            9781.591725842878,
            9125.831993265634
          ],
          "total_device_resistance_ohm": 19807.040594542897,
          "device_current_a": 5.048709802086806e-05,
          "monitor_leakage_a": 5.502461120731003e-10,
          "outside_conducting_fraction": 0.032009484291641965,
          "dose_multiplier": 1.45
        },
        "fixed_nominal_dose": {
          "functional": true,
          "metal_short": false,
          "contact_coverage": [
            0.8436507936507937,
            0.8436507936507937,
            0.8796296296296297
          ],
          "minimum_contact_coverage": 0.8436507936507937,
          "contact_resistance_ohm": [
            9781.591725842878,
            9781.591725842878,
            9125.831993265634
          ],
          "total_device_resistance_ohm": 19807.040594542897,
          "device_current_a": 5.048709802086806e-05,
          "monitor_leakage_a": 5.502461120731003e-10,
          "outside_conducting_fraction": 0.032009484291641965
        },
        "ensemble_half_to_full_relative_change": [
          0.00018044518148191996,
          0.00019359193639529126,
          0.00020423343192981769
        ]
      },
      {
        "noise_scale": 2.0,
        "worst_pair_rms_rad": 0.35242717682220576,
        "dose_window": [
          1.4,
          2.7
        ],
        "selected": {
          "functional": true,
          "metal_short": false,
          "contact_coverage": [
            0.8253968253968254,
            0.8261904761904761,
            0.8626543209876543
          ],
          "minimum_contact_coverage": 0.8253968253968254,
          "contact_resistance_ohm": [
            9996.264587732865,
            9986.734110066744,
            9303.992535457432
          ],
          "total_device_resistance_ohm": 20226.85584065675,
          "device_current_a": 4.9439221195711594e-05,
          "monitor_leakage_a": 5.502461120731003e-10,
          "outside_conducting_fraction": 0.023504273504273504,
          "dose_multiplier": 1.4
        },
        "fixed_nominal_dose": {
          "functional": true,
          "metal_short": false,
          "contact_coverage": [
            0.8444444444444444,
            0.8452380952380952,
            0.8811728395061729
          ],
          "minimum_contact_coverage": 0.8444444444444444,
          "contact_resistance_ohm": [
            9772.468257582654,
            9763.361889854057,
            9109.975293648593
          ],
          "total_device_resistance_ohm": 19779.687290293852,
          "device_current_a": 5.0556916564131574e-05,
          "monitor_leakage_a": 5.502461120731003e-10,
          "outside_conducting_fraction": 0.03396337861783816
        },
        "ensemble_half_to_full_relative_change": [
          0.0007109441740754815,
          0.0007640991807459908,
          0.0008058111738122105
        ]
      },
      {
        "noise_scale": 4.0,
        "worst_pair_rms_rad": 0.7048543536444115,
        "dose_window": [
          1.4,
          2.7
        ],
        "selected": {
          "functional": true,
          "metal_short": false,
          "contact_coverage": [
            0.8285714285714286,
            0.8301587301587302,
            0.8657407407407407
          ],
          "minimum_contact_coverage": 0.8285714285714286,
          "contact_resistance_ohm": [
            9958.252015904833,
            9939.354546669372,
            9271.081065433807
          ],
          "total_device_resistance_ohm": 20141.463705431346,
          "device_current_a": 4.96488246646315e-05,
          "monitor_leakage_a": 5.502461120731003e-10,
          "outside_conducting_fraction": 0.025485436893203883,
          "dose_multiplier": 1.4
        },
        "fixed_nominal_dose": {
          "functional": true,
          "metal_short": false,
          "contact_coverage": [
            0.8484126984126984,
            0.8484126984126984,
            0.8858024691358025
          ],
          "minimum_contact_coverage": 0.8484126984126984,
          "contact_resistance_ohm": [
            9727.10646536767,
            9727.10646536767,
            9062.736039288393
          ],
          "total_device_resistance_ohm": 19698.07007359248,
          "device_current_a": 5.0766394690646094e-05,
          "monitor_leakage_a": 5.502461120731003e-10,
          "outside_conducting_fraction": 0.0369284876905041
        },
        "ensemble_half_to_full_relative_change": [
          0.002678301914955544,
          0.0028994321017427557,
          0.00305512784685428
        ]
      },
      {
        "noise_scale": 8.0,
        "worst_pair_rms_rad": 1.409708707288823,
        "dose_window": [
          1.3499999999999999,
          2.55
        ],
        "selected": {
          "functional": true,
          "metal_short": false,
          "contact_coverage": [
            0.8341269841269842,
            0.8333333333333334,
            0.8680555555555556
          ],
          "minimum_contact_coverage": 0.8333333333333334,
          "contact_resistance_ohm": [
            9892.424936907155,
            9901.775170815967,
            9246.55074909184
          ],
          "total_device_resistance_ohm": 20038.057250580263,
          "device_current_a": 4.9905037573991455e-05,
          "monitor_leakage_a": 5.502461120731003e-10,